{"cameraMode":{"drawMode":0,"name":"Shaded","section":"Shading Mode"},"sceneLighting":true,"audioPlay":false,"sceneViewState":{"showFog":true,"showMaterialUpdate":false,"showSkybox":true,"showFlares":true,"showImageEffects":true,"showParticleSystems":true},"in2DMode":false,"pivot":{"x":-0.0702371597290039,"y":0.28410911560058596,"z":-0.30507564544677737},"rotation":{"x":-0.15529580414295197,"y":0.818284273147583,"z":-0.2601480484008789,"w":-0.4885030686855316},"size":19.457765579223634,"orthographic":false}